dataset,method,fold,seed,n_train,n_validation,n_features,feature_extraction_time,classifier_training_time,train_accuracy,train_balanced_accuracy,train_macro_f1,train_weighted_f1,validation_accuracy,validation_balanced_accuracy,validation_macro_f1,validation_weighted_f1,program
STL10,eoh,1,42,6500,6500,8,3.6255320999771357,1.2596910998690873,0.3638461538461538,0.3638461538461538,0.3316404502720619,0.3316404502720619,0.358,0.358,0.3264424714861091,0.3264424714861091,"import numpy as np

def extract_features(image: np.ndarray) -> np.ndarray:
    image = np.asarray(image, dtype=float)

    if image.ndim != 3 or image.shape[2] != 3:
        raise ValueError(""Expected RGB image with shape (height, width, 3)."")

    h, w, _ = image.shape

    red = image[..., 0]
    green = image[..., 1]
    blue = image[..., 2]
    intensity = np.mean(image, axis=2)

    centre = intensity[
        int(0.20 * h):int(0.85 * h),
        int(0.20 * w):int(0.80 * w)
    ]

    dx = np.diff(intensity, axis=1)
    dy = np.diff(intensity, axis=0)
    colour_range = np.max(image, axis=2) - np.min(image, axis=2)

    return np.array(
        [
            np.mean(red),
            np.mean(green),
            np.mean(blue),
            np.std(intensity),
            np.mean(centre) - np.mean(intensity),
            np.mean(np.abs(dx)),
            np.mean(np.abs(dy)),
            np.mean(colour_range),
        ],
        dtype=float,
    )"
STL10,eoh,2,43,6500,6500,8,3.5955988001078367,1.1556158000603318,0.3647692307692308,0.36476923076923085,0.3314320233272109,0.33143202332721083,0.3546153846153846,0.3546153846153846,0.32000005555864997,0.3200000555586499,"import numpy as np

def extract_features(image: np.ndarray) -> np.ndarray:
    image = np.asarray(image, dtype=float)

    if image.ndim != 3 or image.shape[2] != 3:
        raise ValueError(""Expected RGB image with shape (height, width, 3)."")

    h, w, _ = image.shape

    red = image[..., 0]
    green = image[..., 1]
    blue = image[..., 2]
    intensity = np.mean(image, axis=2)

    centre = intensity[
        int(0.20 * h):int(0.85 * h),
        int(0.20 * w):int(0.80 * w)
    ]

    dx = np.diff(intensity, axis=1)
    dy = np.diff(intensity, axis=0)
    colour_range = np.max(image, axis=2) - np.min(image, axis=2)

    return np.array(
        [
            np.mean(red),
            np.mean(green),
            np.mean(blue),
            np.std(intensity),
            np.mean(centre) - np.mean(intensity),
            np.mean(np.abs(dx)),
            np.mean(np.abs(dy)),
            np.mean(colour_range),
        ],
        dtype=float,
    )"
